<?xml version="1.0" encoding="UTF-8"?>
<project-private xmlns="http://www.netbeans.org/ns/project-private/1">
    <editor-bookmarks xmlns="http://www.netbeans.org/ns/editor-bookmarks/2" lastBookmarkId="0"/>
    <open-files xmlns="http://www.netbeans.org/ns/projectui-open-files/2">
        <group>
            <file>file:/C:/Users/pc/Desktop/Practica%206_1749496/Practica%206_1749496/Laboratorio6/src/java/Laboratorio6/model/Authentication.java</file>
            <file>file:/C:/Users/pc/Desktop/Practica%206_1749496/Practica%206_1749496/Laboratorio6/web/profile.jsp</file>
            <file>file:/C:/Users/pc/Desktop/Practica%206_1749496/Practica%206_1749496/Laboratorio6/web/error.jsp</file>
            <file>file:/C:/Users/pc/Desktop/Practica%206_1749496/Practica%206_1749496/Laboratorio6/web/login.jsp</file>
            <file>file:/C:/Users/pc/Desktop/Practica%206_1749496/Practica%206_1749496/Laboratorio6/src/java/Laboratorio6/controller/LoginController.java</file>
            <file>file:/C:/Users/pc/Desktop/Practica%206_1749496/Practica%206_1749496/Laboratorio6/src/java/Laboratorio6/controller/ProfileController.java</file>
            <file>file:/C:/Users/pc/Desktop/Practica%206_1749496/Practica%206_1749496/Laboratorio6/src/java/Laboratorio6/model/User.java</file>
            <file>file:/C:/Users/pc/Desktop/Practica%206_1749496/Practica%206_1749496/Laboratorio6/src/java/Laboratorio6/controller/LogoutController.java</file>
        </group>
    </open-files>
</project-private>
